should_normalize	should_group_by_gene	method	alpha	beta	p_value	intersec_entrez
False	False	mean			0.32840492840492846	794,1602,3848,4925,5217,5251,5318,5476,5775,5886,6147,7093,7562,8074,9235,9792,10402,22838,23309,53916,55207,55567,55650,57103,80168,89777,89778,253724,255275,285205
False	False	freq	10.0	2.0	0.3199800199800199	794,1602,2679,4925,5217,5251,5318,5476,5775,5886,6147,7093,7562,8074,9235,9792,10402,22838,23309,53916,55207,55260,55567,55650,57103,80168,89777,89778,113655,253724
